Name,PAN Number,Date of Birth,Father's Name,Gender,Mobile Number,Email
Crystal Weaver,D,2000/31/12,Cassandra Leach,Female,OulKjdgcBV,eberg@hotmail.com
Michelle Carpenter,MOKEU5SMRXRN,02/04/1960,Michael Marshall,X,69800180560,ryan12@gmail.com
,QQKWKEV3,2000/31/12,Kathryn Evans,X,lCTjDlIrQh,bbrown@hotmail.com
Jacqueline Harris,558ddix43z,2000/31/12,Catherine Davis,X,uFfjUejDjs,robertabbott@hotmail.com
Emily Novak,XZSX83,2000/31/12,Jose Coleman,Male,7345222395091,xdavis@hotmail.com
,3KG5B79JX7A,23/12/1991,Sydney Cline,Other,1BILXrNXk2,william91@hotmail.com
Joshua Martin,1moky536kl,2000/31/12,Robert Weaver,Male,787,christinamendoza@yahoo.com
,F8UY4VUFH4J,18/03/1992,Ms. Kelly James MD,X,8764791133162,email@domain
Seth Frank,V44B6W,25/03/1999,Anthony Stephens,Male,17877813423969,jessewalker@hotmail.com
,hoawp0uai5,2000/31/12,Sheila Glover,Male,179944822782,jwhite@gmail.com
