Name,Aadhaar Number,Date of Birth,Address,Gender,Mobile Number,Email
Denise Barr,JIfhQDhUtXnL,30/10/2037,,Unknown,w06XPVwPLd,invalid_email
Amber Bruce,HWo9Rz48qSWY,31-02-2000,"137 Perry Centers Apt. 346, Edwardland, LA 90718",Female,BR3QVzCJNF,invalid_email
Adam Becker,748262053349437,31-02-2000,"1332 Rachel Meadows, Amyhaven, TX 79171",Unknown,74749514038772,invalid_email
Rachel Becker,55CUgwmSqHsA,28/03/2035,"9154 Justin River Apt. 459, Jimmyhaven, NY 33003",Other,02551686500,lisaolson@example.net
Daniel Mcbride,4143648889912,31-02-2000,,Other,4MSGKzZxHj,xwolfe@example.net
Sarah Lara,165,31-02-2000,"PSC 4393, Box 3884, APO AP 85661",Other,6192,invalid_email
Shane Orozco,805901529,31-02-2000,,Unknown,85846,invalid_email
Ryan Riley,473406363,09/08/2050,"Unit 7889 Box 6139, DPO AE 87349",Female,195293,xsullivan@example.com
Brian Ryan,uCkyIeabYpfC,19/05/2030,"64166 Ashley Canyon, Lake Victoriamouth, AS 78831",Male,oIQpv7xOsr,invalid_email
Joel Alvarez,oauvLpmamnar,31-02-2000,,Unknown,55528501622971,invalid_email
