passport_number,name,nationality,date_of_birth,issue_date,expiry_date,passport_type
SGJ626976,Timothy Johnson,United States Minor Outlying Islands,1983-01-05,2022-03-12,2027-07-04,Official
QZT672881,Margaret Carter,Tunisia,1999-02-01,2020-03-15,2025-08-22,Diplomatic
eYr117594,Richard Clark,Palestinian Territory,1970-05-17,2022-05-27,2030-12-02,Diplomatic
yEg313631,Kristie Bailey,Tanzania,1947-11-11,2020-06-04,2026-03-02,Diplomatic
dbq984028,Emily Carter,Iran,1957-02-24,2023-01-22,2026-01-11,Official
oCP035162,Jennifer Johnson,Slovakia (Slovak Republic),1975-04-23,2021-08-18,2026-11-29,Regular
Iyw412447,Amanda Martin,Colombia,1969-10-14,2021-07-02,2033-04-29,Diplomatic
kzq203309,Christopher Williams,Croatia,1999-01-30,2021-03-28,2027-02-09,Regular
KRb753857,Eric Hatfield,Nepal,1944-01-25,2023-03-30,2026-08-24,Diplomatic
kQJ126436,Kimberly Gonzalez,Jordan,1973-05-19,2023-01-11,2029-09-29,Diplomatic
Cwe131868,Melissa Harvey,Germany,1974-08-08,2024-02-03,2026-01-13,Official
UcG702874,1234,Venezuela,1990-01-09,2022-02-19,2031-09-16,Regular
pvJ384557,Melanie Miranda,Germany,1989-10-11,2024-03-02,2026-07-10,Regular
jGD750546,Susan Hunt,Saint Barthelemy,1996-05-18,2020-05-25,2032-03-20,Regular
ZDn519774,Mary Diaz DDS,Malaysia,1952-08-03,2023-12-13,2028-10-03,Regular
Mhs032102,Stephanie Diaz,Nepal,1975-07-26,2020-03-07,2026-07-02,Official
ZwX767594,Melissa Reynolds,Saint Kitts and Nevis,1948-11-25,2024-07-24,2034-05-17,Regular
fcg824685,Debra Johnson,Brazil,1953-04-26,2020-12-12,2026-03-30,Regular
TyG361244,Amanda Payne,Palestinian Territory,1985-03-04,2021-06-30,2030-06-15,Regular
lwX135993,Daniel Walker,Austria,1964-10-31,2024-06-26,2032-04-10,Regular
TEN678698,Michael Kelly,Mongolia,1964-12-08,2024-02-13,2025-03-29,Regular
TPB484963,Matthew Nunez,American Samoa,1947-04-15,2022-07-14,2031-04-08,Official
Swc674178,Eric Nelson,Mongolia,1965-07-10,2024-05-19,2025-05-26,Regular
Lny022270,Jacqueline Stewart,Bahrain,1973-12-12,2022-09-15,2027-12-02,Official
BXN008489,Levi Morris,Maldives,1994-03-05,2022-12-14,2023-02-30,Diplomatic
kvm422036,Brian Rodriguez,Timor-Leste,1958-03-07,2024-03-27,2032-03-27,Regular
xSY010975,Travis Schneider,Tonga,1966-02-12,2022-08-24,2028-07-29,Regular
WTY195348,Jeffery Briggs,Panama,1948-01-14,2022-05-31,2029-05-04,Official
FuG387618,Jason Knapp,Tokelau,1972-01-08,2020-10-07,2025-12-16,Diplomatic
iwa165283,Cynthia Neal,Azerbaijan,1994-08-17,2023-10-08,2030-11-29,Regular
XXXXXXX,Sean Valdez,Grenada,1966-05-13,2023-02-23,2032-12-13,Diplomatic
Fml192760,Sarah Thompson,Kyrgyz Republic,1950-01-05,2020-07-16,2031-12-21,Diplomatic
ivc089663,Cynthia Payne,Japan,1977-11-07,2023-05-03,2034-06-15,Regular
qzG099871,Mary Smith,Spain,1964-07-08,2020-09-07,2029-12-19,Diplomatic
iBf644827,Lauren Bailey,Western Sahara,1988-01-10,2021-03-21,2033-06-10,Official
ACk601153,Christopher Richards,Dominica,1978-11-01,2021-10-13,2025-05-07,Regular
vvA304949,Juan Martinez,Ghana,1974-05-09,2024-07-30,2026-03-26,Diplomatic
pte888564,Bonnie Jones,Albania,1986-11-21,2022-05-23,2025-07-31,Diplomatic
ZJe286933,Katie Willis MD,Qatar,1996-04-09,2023-03-08,2025-02-23,Regular
Haq201682,Nicole Morris,Burundi,1960-06-10,2021-05-26,2034-01-27,Official
KhA606210,Timothy Davenport,Equatorial Guinea,1988-12-09,2020-11-13,2034-04-16,Diplomatic
BMP386621,Debra Phillips,Saint Kitts and Nevis,1994-01-08,2023-08-13,2027-09-05,Official
Qqm648719,David Powell,Cape Verde,1976-01-17,2023-10-14,2033-10-25,Diplomatic
eEY315062,Joseph Bryant,Timor-Leste,1995-02-25,2021-09-02,2026-03-15,Regular
xtg597187,Travis Martinez,Serbia,1949-08-03,2023-05-06,2032-10-12,Diplomatic
SMr372488,Cynthia Mccarty,Bahrain,1994-02-23,2021-11-26,2027-09-15,Regular
BtB733873,Karen Koch,Solomon Islands,1971-02-03,2020-11-17,2025-12-31,Official
wGe756050,Kenneth Lewis,Congo,1971-01-22,2023-03-22,2030-11-05,Official
phR177517,Kelly Odonnell,Tuvalu,1973-03-13,2024-06-18,2034-06-18,Regular
IFm545653,Jessica Stevens,Heard Island and McDonald Islands,1964-09-01,2020-07-10,2029-11-06,Official
oIX322517,Nicholas Smith,Canada,1948-12-11,2023-10-03,2033-08-27,Regular
ien771290,Kevin Hampton,Angola,1951-08-01,2022-04-18,2025-11-29,Diplomatic
Rjv560613,Kelly Stone,Swaziland,2001-10-22,2020-01-23,2027-07-07,Diplomatic
XXXXXXX,Sharon Morales,South Africa,1994-07-15,2021-01-23,2028-11-30,Regular
rkF768917,Juan Harrington,Papua New Guinea,1985-12-15,2022-09-03,2026-02-22,Official
vew333679,David Mason,Western Sahara,2001-06-06,2024-02-10,2028-12-25,Official
KoJ186331,1234,Czech Republic,1969-04-05,2020-01-26,2032-04-29,Official
gTc668131,Nancy Sweeney,Pakistan,1983-06-18,2021-03-20,2028-03-03,Diplomatic
xQT878933,Brian Mckenzie,Slovenia,1976-03-16,2024-03-02,2031-11-11,Official
LpD254248,Phillip Garcia,Montserrat,2001-01-11,2022-04-07,2032-10-24,Diplomatic
GOH836295,Hannah Lee,Madagascar,1988-08-27,2022-08-22,2034-09-07,Diplomatic
XXXXXXX,Brent Reynolds,Greenland,1978-11-24,2022-04-02,2029-04-28,Regular
vKE706717,Mary Curtis,Reunion,1962-10-15,2023-11-13,2028-06-01,Regular
TWH484884,Joseph Bell,Cape Verde,1947-05-18,2020-12-04,2027-05-28,Regular
Msi615594,Kevin Williams,Albania,1968-08-27,2020-09-05,2030-02-21,Official
sNk287081,Timothy Richards,Sierra Leone,1972-07-31,2023-07-23,2032-12-11,Diplomatic
NWU618269,Daniel Gordon,Myanmar,1951-05-24,2023-05-28,2030-01-20,Official
aqp357491,David Johnson,Mauritania,1973-10-14,2021-10-11,2033-07-25,Regular
ptI971379,Ashley Smith,Vanuatu,1971-09-12,2024-01-12,2028-07-20,Diplomatic
dla446995,Jason Miller,Cocos (Keeling) Islands,1949-06-19,2023-02-03,2034-05-21,Regular
bVv046974,Kristina Simpson,Saint Vincent and the Grenadines,1991-09-01,2020-07-17,2028-10-31,Diplomatic
XkX386535,Lisa Anderson,Fiji,1999-07-03,2021-07-30,2025-10-18,Official
mhd125647,Edward Vaughn,Gibraltar,1984-04-23,2020-08-05,2034-09-04,Official
gAQ990993,Mrs. Joan Noble DVM,Wallis and Futuna,1946-03-03,2022-12-31,2031-11-01,Official
yeP974710,1234,Congo,1963-01-13,2022-09-11,2034-08-26,Diplomatic
wtm889767,Brandi Ayers,Jamaica,1978-08-20,2021-03-19,2029-11-09,Diplomatic
bfa306762,Phillip Lutz,Ukraine,1958-04-20,2021-01-17,2025-12-07,Official
gDI750699,Jill Stevens,Bahrain,1971-05-11,2023-08-16,2027-08-16,Official
uTB967690,Veronica Howell,Saint Lucia,2003-05-17,2024-08-23,2034-03-10,Diplomatic
HQz850838,Brittany Thompson,Iceland,1966-09-22,2023-06-02,2027-08-02,Diplomatic
mQj656409,Phillip Maldonado,Equatorial Guinea,1979-11-09,2020-11-01,2025-12-08,Official
HnV747099,Benjamin Vazquez,China,1971-08-24,2020-03-02,2029-07-25,Diplomatic
bjz940879,1234,Tanzania,2005-03-11,2020-11-27,2033-03-03,Regular
uPE920891,Stephanie Wang,Gambia,2005-09-12,2022-03-25,2030-03-15,Diplomatic
xqa727866,Aaron Johnson,Nepal,1983-09-27,2024-05-19,2029-04-14,Official
rzY546808,Gina Thompson,Gambia,1944-02-07,2022-05-19,2027-08-23,Diplomatic
dit832767,Carol Robertson,Iceland,1996-08-07,2024-04-03,2027-06-10,Regular
AEd753016,Kimberly Bennett,Aruba,1972-12-01,2024-07-02,2034-05-08,Diplomatic
jbD175978,Wendy Esparza,Korea,1962-01-06,2021-06-12,2028-10-15,Regular
uQC969636,Michelle Garcia,Armenia,1973-12-09,2024-02-11,2030-02-20,Diplomatic
zKe794455,Chris Francis PhD,Jordan,1994-03-30,2022-10-29,2033-07-22,Official
Vdh993207,Michael Larson,Lithuania,1967-08-12,2024-06-26,2028-03-22,Regular
qBk588978,Christopher Rodriguez,Bulgaria,1994-06-03,2023-02-13,2033-03-14,Official
xno403070,Cheryl Brown,Djibouti,1975-01-02,2023-09-29,2031-02-28,Official
OLq647578,Sarah Vargas,Samoa,1965-01-22,2022-03-18,2032-03-16,Regular
zJg587890,Erin Russell,Namibia,1974-09-11,2020-05-09,2026-04-14,Regular
Evl605984,Lauren Beck,Vanuatu,1944-10-10,2022-02-15,2033-03-30,Regular
XAm550341,Mark Meadows,Burundi,2003-02-11,2023-08-28,2026-12-02,Official
Fjo384142,Alfred Moody,Kuwait,1993-10-15,2022-06-17,2024-11-26,Diplomatic
YPU541290,Angela Perry,Kenya,1990-05-24,2021-01-05,2030-07-13,Regular
Lkl633712,Heather Bowers,Myanmar,2002-07-27,2020-04-06,2031-04-27,Diplomatic
YQh881147,Christine Smith,Thailand,1997-02-01,2024-03-23,2025-10-24,Official
JNE984856,Raymond Carter,Micronesia,1968-11-06,2021-07-25,2029-07-05,Regular
cwi217280,Raymond Smith,Italy,1980-09-23,2021-05-29,2030-09-05,Regular
POH992359,Nathaniel Sellers,Burkina Faso,1992-06-26,2024-04-03,2030-11-20,Regular
pXg498637,Joseph Fowler,Holy See (Vatican City State),1949-06-03,2022-07-24,2023-02-30,Diplomatic
hhQ553169,Crystal Dixon,Martinique,1986-01-29,2024-06-20,2030-06-22,Diplomatic
gue198536,Jeff Phillips,United Arab Emirates,1965-03-21,2022-04-27,2026-04-28,Diplomatic
ljg539673,1234,Netherlands,1964-09-28,2021-02-15,2028-12-11,Regular
zZE805023,Alan Rowland,Norway,2001-12-21,2020-04-30,2031-02-10,Official
