name,certificate_type,description
Heather Peters,Completion,Seem go image generation sister system environment edge once early government.
Rachel Jones,Merit,Really painting cause itself education soldier cut measure.
Amanda Martinez,Achievement,Would treatment high risk Republican store.
Kristin Dorsey,Participation,Step rest modern own plant campaign expect recently.
Richard Murray,Completion,Wrong small decade full sort seven particularly give.
Hailey Le,Completion,Show no political number report history office.
Eric Cruz,Excellence,Again animal under might new because eye fire.
Cheryl Hull,Excellence,Though large affect road choice positive and subject make.
Laura Miller,Achievement,Seek at among teacher will sign simple drug hotel.
Timothy Macias,Participation,Simple ago product play value even race store want including able toward process.
Troy Wheeler,Excellence,If break adult perhaps end scientist.
Erica Brown,Merit,Development standard point since child already the develop interest pass.
David Martinez,Achievement,Education easy artist Mrs expect good student.
Peter Hunt,Participation,About cell western it bar face itself test identify.
Amy Clements,Achievement,Spend season little fly her campaign stand maintain move high maintain.
Anthony Flores,Completion,Dinner college religious lawyer ahead cover sport.
Mary Hendricks,Merit,Draw particularly yourself strong if poor leave anyone.
Terri Estes,Achievement,Growth because bed discuss imagine television.
Brenda Cameron,Participation,Structure yard go class majority everybody first ahead local charge point thank.
Jacob Coleman,Achievement,Pattern edge his involve similar coach weight listen truth deep conference.
Lindsey Simmons,Completion,Appear team ground truth necessary audience right quickly.
Pamela Johnson,Participation,Own security mouth media within support check none executive daughter.
Craig Campbell,Completion,Design population identify factor hospital this.
Courtney Duran,Achievement,Suffer strong land sing step reveal dinner.
Martin Mitchell,Completion,Large thing since inside detail base.
Brian Gutierrez,Merit,You statement report fly positive particular medical box music need material piece piece.
Jennifer Phillips,Completion,Black various today young operation light party worry get final necessary this similar.
Kristy Reyes,Completion,Still boy interview if alone own stuff section operation physical back must thank.
Valerie Hernandez,Achievement,Official should position data begin behavior mean edge option season indeed point.
Paula Moreno,Excellence,Choose economic thousand million discover that.
Jordan Delgado,Participation,Modern suddenly doctor care country left national money hair government.
Brittany Daugherty,Participation,Before them return design three industry open impact detail even American.
Rachel Cardenas,Merit,Read nice clearly hit hit meet hit.
Pamela Hubbard,Achievement,Physical together speak mean family card.
Mary Garcia,Achievement,Major his suddenly policy line before central sit pick but almost.
Yolanda Smith,Completion,Heavy various newspaper own nothing how then.
Curtis Turner,Merit,Social put but member dark dark small too century field ground international six.
Monica Hess,Participation,Customer view Mr generation amount free possible according public nation writer soon both.
Alicia Obrien,Achievement,Between old say performance worry property.
Samuel Alvarez,Achievement,State thought week off key pressure car stuff health.
Fred Valdez,Achievement,Large student time down yourself artist character expect condition.
Bonnie Werner,Completion,Material institution main us so color policy one west dinner hair.
John Evans,Achievement,Tough south training soldier campaign stand teacher enjoy describe actually herself.
David Barnes,Completion,Majority herself chance item popular card organization maintain alone collection.
Christopher Benson,Achievement,He personal about go scene still forget.
Kevin Gross,Participation,Investment often where live wait north responsibility energy glass weight international.
Perry Taylor,Merit,Really ball woman safe more view indicate college rich.
Angela Garcia,Merit,Look respond ask table box thing magazine.
Tyler Moss,Completion,Become over doctor campaign morning pressure budget eight traditional Mrs.
Amanda Marshall,Merit,Begin peace building ten general between floor southern as church less subject.
Kelly Beasley,Excellence,Senior knowledge example white get conference mouth office case three.
Tonya Murphy,Excellence,Follow treat skin short material as newspaper evening foreign laugh.
Julie Anderson,Achievement,Fly management view visit four natural really it.
Ronald King,Completion,Central certain place degree particular gun raise paper.
Jesse Melton,Excellence,Under realize seven hand respond physical real.
Kevin Daniels,Completion,Reality mean really attorney song me drug opportunity dog building major.
James Fuller,Excellence,Born audience bar such just beautiful quite prepare.
Brandi Dennis,Achievement,Station these boy result everyone reach these.
Kathryn Cox,Achievement,Night practice sign listen light report such interesting.
Mr. Shannon Parsons,Achievement,Measure already use believe less personal improve upon mother.
Joe Stewart MD,Merit,Hit money along fish fight fight natural.
Ryan Ramsey,Completion,May debate choice church couple visit.
Michael Jordan,Excellence,Building TV watch central guy peace report Republican provide.
Sabrina Montgomery,Excellence,Girl forward require challenge trip section which traditional.
Rebecca Mullen,Achievement,Life south season affect form people moment end.
Laura Jones,Participation,World national court everyone nature tough certainly want decide seven both leg identify.
Lauren Payne,Merit,Day cell kitchen local never five growth.
Katherine Williamson,Participation,Discover suffer future site treat still decade peace leader affect.
Bradley Williams,Achievement,Lose yeah three quickly he population product risk very.
Carl Cox,Achievement,Fine smile option actually state list head stay instead.
Tracy Hahn,Completion,Above choose year body newspaper lawyer money until none respond.
Grace Arnold,Participation,Nice force history weight weight anything.
Carol Gomez,Merit,Mouth trial every lot certain network measure artist process despite moment.
Joshua Turner,Participation,Industry she another ever usually or company prepare order picture window stock.
Lee Butler,Participation,Analysis cup item education inside particularly.
Cheyenne Taylor,Merit,Reach push account memory executive successful score sing rather trial these shoulder green.
David Webb,Excellence,Some born lose life budget three stock capital ability.
Ronald Ramirez,Participation,Material many standard a deal year money heavy.
Mindy Monroe,Merit,Player hard economy great word professional art foot seek charge.
Jonathan Ellis,Completion,Unit here question check far edge environment themselves see.
Lonnie Dixon,Achievement,Begin material against social town husband film too.
Jonathan Moses,Merit,Across meet because house herself on quite similar win.
Michael Rodriguez Jr.,Participation,Executive continue ahead after decade minute foreign.
John Taylor,Excellence,Source turn country some analysis media mind everyone run.
Daniel Haas,Participation,Candidate during recognize ten democratic hand.
Sandra Moody,Achievement,Peace number chair get step yeah best rest.
Nichole Gomez,Excellence,That sure such local cost deal author all where effect whose account address.
Dorothy Howell,Achievement,Unit country radio manage generation position grow.
Aaron Torres,Completion,Hotel strategy mention local stuff play.
Christopher Johnson,Participation,Offer else inside former agency be else could tonight need environment body.
Christy King,Merit,Send myself remain culture indeed way American capital least clear song develop improve.
Cynthia Bell,Merit,Home base town soldier special maybe first goal dark probably happy health.
Franklin Miller,Participation,Live daughter public how vote room share thousand only.
Kara Avery,Excellence,Maybe way process that find skill sure.
Cory Bauer,Participation,Himself site major bring station fire.
Jessica Sanders,Merit,Nothing threat fine particularly him bar fall her dinner minute concern this.
Laura Liu,Completion,Pay station technology course win message future Congress outside fly.
Dennis Collins,Participation,Create keep of other wish light.
Sara Johnson,Completion,Mind modern rule charge standard these relate follow college dark realize turn require.
Toni Mayer,Completion,These reach little kind meeting officer note those site.
Michael Flores,Merit,
Don Webb,Excellence,^&*() ^&*() ^&*() @#$% @#$%
Bradley Wood,Participation,
,Excellence,Data body government wrong city popular yes five your eat.
Jessica Gates,Merit,
,Excellence,Education local tend believe provide body PM.
Tonya Barnett,Achievement,
Kyle Garcia,Completion,^&*() !@#$ !@#$ @#$% !@#$
Albert Lee,Participation,@#$% @#$% !@#$ ^&*() @#$%
Vanessa Strong,Achievement,!@#$ !@#$ !@#$ @#$% !@#$
